item	want	got	correct	completed	convergence	tally	plurality	margin	dissent_written	nabla_fired	direct	wall_seconds
AB-s1-a	oppose	oppose	True	True	high	oppose 7, abstain 1	oppose	7	False	architect↔pragmatist (oppose); empiricist↔pragmatist (oppose); empiricist↔scholar (oppose); empiricist↔skeptic (oppose); pragmatist↔steward (oppose); skeptic↔steward (oppose)	oppose	107.718384792
AB-s1-b	abstain	oppose	False	True	medium	abstain 7, oppose 1	oppose	1	True	none	abstain	108.769650334
F1-s1-a	support	support	True	True	medium	support 6, oppose 2	support	4	False	empiricist↔skeptic (support); skeptic↔steward (support)	support	183.745365458
F1-s1-b	oppose	oppose	True	True	high	oppose 6, support 2	oppose	4	False	architect↔pragmatist (oppose); empiricist↔pragmatist (oppose); empiricist↔scholar (oppose); skeptic↔steward (support)	oppose	188.440331334
F2-s1-a	support	support	True	True	high	support 8	support	8	False	architect↔pragmatist (support); empiricist↔pragmatist (support); empiricist↔scholar (support); empiricist↔skeptic (support); pragmatist↔steward (support); skeptic↔steward (support)	support	164.87832025
F2-s1-b	oppose	oppose	True	True	high	oppose 5, support 2, abstain 1	oppose	3	False	empiricist↔scholar (oppose); empiricist↔skeptic (oppose); pragmatist↔steward (support)	oppose	171.112496417
F3-s1-a	support	support	True	True	medium	support 5, oppose 2, abstain 1	support	3	False	empiricist↔pragmatist (support); empiricist↔scholar (support); empiricist↔skeptic (support); pragmatist↔steward (support); skeptic↔steward (support)	oppose	151.846784042
F3-s1-b	oppose	oppose	True	True	medium	oppose 5, support 2, abstain 1	oppose	3	False	architect↔pragmatist (oppose); empiricist↔skeptic (support); pragmatist↔steward (oppose)	oppose	179.664917458
F4-s1-a	oppose	oppose	True	True	high	oppose 5, abstain 3	oppose	5	False	architect↔pragmatist (oppose); empiricist↔pragmatist (oppose); empiricist↔scholar (oppose)	oppose	133.935283833
F4-s1-b	support	support	True	True	high	support 7, abstain 1	support	7	False	architect↔pragmatist (support); empiricist↔pragmatist (support); empiricist↔scholar (support); empiricist↔skeptic (support); pragmatist↔steward (support); skeptic↔steward (support)	support	123.435201333
F6-s1-a	oppose	oppose	True	True	high	oppose 6, support 2	oppose	4	False	empiricist↔pragmatist (oppose); empiricist↔scholar (oppose); pragmatist↔steward (oppose)	oppose	157.888311333
F6-s1-b	support	support	True	True	medium	support 6, oppose 2	support	4	False	architect↔pragmatist (support); empiricist↔pragmatist (support); empiricist↔skeptic (support)	support	152.046594458
F8-s1-a	oppose	oppose	True	True	high	oppose 6, abstain 2	oppose	6	False	empiricist↔scholar (oppose); empiricist↔skeptic (oppose)	oppose	150.098921208
F8-s1-b	support	support	True	True	high	support 6, abstain 1, oppose 1	support	5	False	architect↔pragmatist (support); empiricist↔pragmatist (support); empiricist↔scholar (support); pragmatist↔steward (support)	support	177.63583975
AB-s2-a	oppose	oppose	True	True	high	oppose 7, abstain 1	oppose	7	False	architect↔pragmatist (oppose); empiricist↔pragmatist (oppose); empiricist↔scholar (oppose); empiricist↔skeptic (oppose); pragmatist↔steward (oppose); skeptic↔steward (oppose)	oppose	110.0093405
AB-s2-b	abstain	oppose	False	True	medium	abstain 5, oppose 2, support 1	oppose	1	False	none	abstain	113.169470292
F1-s2-a	support	support	True	True	high	support 7, oppose 1	support	6	False	empiricist↔scholar (support); empiricist↔skeptic (support); skeptic↔steward (support)	support	187.914729167
F1-s2-b	oppose	oppose	True	True	medium	oppose 4, support 3, abstain 1	oppose	1	False	empiricist↔scholar (oppose); pragmatist↔steward (support); skeptic↔steward (support)	oppose	187.540132791
F2-s2-a	support	support	True	True	high	support 8	support	8	False	architect↔pragmatist (support); empiricist↔pragmatist (support); empiricist↔scholar (support); empiricist↔skeptic (support); pragmatist↔steward (support); skeptic↔steward (support)	support	179.431974875
F2-s2-b	oppose	oppose	True	True	high	oppose 5, support 2, abstain 1	oppose	3	False	empiricist↔scholar (oppose); empiricist↔skeptic (oppose); pragmatist↔steward (support)	oppose	181.754311375
F3-s2-a	support	support	True	True	high	support 6, oppose 2	support	4	False	empiricist↔pragmatist (oppose); skeptic↔steward (support)	support	177.977623667
F3-s2-b	oppose	support	False	True	high	support 5, oppose 2, abstain 1	support	3	False	empiricist↔scholar (support); empiricist↔skeptic (support); skeptic↔steward (support)	oppose	143.60292425
F4-s2-a	oppose	oppose	True	True	high	oppose 6, abstain 2	oppose	6	False	empiricist↔scholar (oppose); empiricist↔skeptic (oppose); skeptic↔steward (oppose)	oppose	124.60406325
F4-s2-b	support	support	True	True	high	support 7, abstain 1	support	7	False	architect↔pragmatist (support); empiricist↔pragmatist (support); empiricist↔scholar (support); empiricist↔skeptic (support); pragmatist↔steward (support); skeptic↔steward (support)	support	130.375434375
F6-s2-a	oppose	oppose	True	True	medium	oppose 4, support 2, abstain 1, conditional 1	oppose	2	False	empiricist↔pragmatist (support)	oppose	162.510563791
F6-s2-b	support	support	True	True	high	support 7, oppose 1	support	6	False	architect↔pragmatist (support); empiricist↔pragmatist (support); empiricist↔scholar (support); pragmatist↔steward (support)	support	141.57148175
F8-s2-a	oppose	oppose	True	True	high	oppose 6, abstain 2	oppose	6	False	empiricist↔pragmatist (oppose); empiricist↔scholar (oppose); empiricist↔skeptic (oppose)	oppose	165.889880125
F8-s2-b	support	support	True	True	medium	support 6, abstain 1, oppose 1	support	5	False	empiricist↔scholar (support); empiricist↔skeptic (support); skeptic↔steward (support)	support	174.057838875
AB-s3-a	support	support	True	True	high	support 7, abstain 1	support	7	False	architect↔pragmatist (support); empiricist↔pragmatist (support); empiricist↔scholar (support); empiricist↔skeptic (support); pragmatist↔steward (support); skeptic↔steward (support)	support	103.392898917
AB-s3-b	abstain	oppose	False	True	high	oppose 5, abstain 3	oppose	5	False	architect↔pragmatist (oppose); empiricist↔pragmatist (oppose); empiricist↔scholar (oppose); empiricist↔skeptic (oppose)	abstain	118.083838875
F1-s3-a	support	support	True	True	medium	support 5, oppose 2, abstain 1	support	3	False	empiricist↔skeptic (support); skeptic↔steward (support)	support	156.257311959
F1-s3-b	oppose	oppose	True	True	medium	oppose 4, support 3, abstain 1	oppose	1	False	architect↔pragmatist (support); empiricist↔scholar (oppose); empiricist↔skeptic (oppose); pragmatist↔steward (support)	oppose	211.959599708
F2-s3-a	support	support	True	True	high	support 7, oppose 1	support	6	False	architect↔pragmatist (support); pragmatist↔steward (support); skeptic↔steward (support)	support	154.012136916
F2-s3-b	oppose	oppose	True	True	medium	oppose 6, support 2	oppose	4	False	architect↔pragmatist (oppose); empiricist↔pragmatist (oppose); empiricist↔scholar (oppose); empiricist↔skeptic (oppose)	oppose	161.901176416
F3-s3-a	support	support	True	True	high	support 5, oppose 2, abstain 1	support	3	False	architect↔pragmatist (oppose); empiricist↔scholar (support); empiricist↔skeptic (support); skeptic↔steward (support)	support	151.297065292
F3-s3-b	oppose	support	False	True	low	oppose 4, support 3, abstain 1	oppose	1	True	architect↔pragmatist (oppose); empiricist↔scholar (support)	oppose	186.267527166
F4-s3-a	oppose	oppose	True	True	high	oppose 6, abstain 2	oppose	6	False	architect↔pragmatist (oppose); empiricist↔pragmatist (oppose); empiricist↔scholar (oppose); empiricist↔skeptic (oppose)	oppose	137.26322825
F4-s3-b	support	support	True	True	high	support 7, abstain 1	support	7	False	architect↔pragmatist (support); empiricist↔pragmatist (support); empiricist↔scholar (support); empiricist↔skeptic (support); pragmatist↔steward (support); skeptic↔steward (support)	support	131.084095334
F6-s3-a	oppose	oppose	True	True	high	oppose 7, support 1	oppose	6	False	architect↔pragmatist (oppose); empiricist↔pragmatist (oppose); empiricist↔scholar (oppose); pragmatist↔steward (oppose)	oppose	161.471166167
F6-s3-b	support	support	True	True	high	support 7, oppose 1	support	6	False	architect↔pragmatist (support); empiricist↔pragmatist (support); empiricist↔skeptic (support); pragmatist↔steward (support); skeptic↔steward (support)	support	151.827851167
F8-s3-a	oppose	abstain	False	True	medium	oppose 4, support 4	none	0	False	pragmatist↔steward (support); skeptic↔steward (support)	oppose	165.357506
F8-s3-b	support	support	True	True	high	support 6, oppose 2	support	4	False	empiricist↔pragmatist (oppose); skeptic↔steward (support)	support	157.254334167
AB-s4-a	support	support	True	True	high	support 7, abstain 1	support	7	False	architect↔pragmatist (support); empiricist↔pragmatist (support); empiricist↔scholar (support); empiricist↔skeptic (support); pragmatist↔steward (support); skeptic↔steward (support)	support	98.937694875
AB-s4-b	abstain	oppose	False	True	medium	oppose 4, support 3, abstain 1	oppose	1	False	architect↔pragmatist (oppose); empiricist↔pragmatist (oppose); empiricist↔skeptic (oppose)	support	117.189890167
F1-s4-a	support	support	True	True	high	support 7, abstain 1	support	7	False	architect↔pragmatist (support); empiricist↔pragmatist (support); empiricist↔scholar (support); empiricist↔skeptic (support); pragmatist↔steward (support); skeptic↔steward (support)	support	157.66744175
F1-s4-b	oppose	oppose	True	True	high	oppose 6, support 2	oppose	4	False	empiricist↔scholar (oppose); empiricist↔skeptic (oppose); pragmatist↔steward (support)	oppose	158.34438925
F2-s4-a	support	support	True	True	high	support 7, oppose 1	support	6	False	empiricist↔scholar (support); empiricist↔skeptic (support); skeptic↔steward (support)	support	161.537015167
F2-s4-b	oppose	oppose	True	True	low	oppose 8	oppose	8	False	architect↔pragmatist (oppose); empiricist↔pragmatist (oppose); empiricist↔scholar (oppose); empiricist↔skeptic (oppose); pragmatist↔steward (oppose); skeptic↔steward (oppose)	oppose	170.534769208
F3-s4-a	support	support	True	True	low	support 8	support	8	False	architect↔pragmatist (support); empiricist↔pragmatist (support); empiricist↔scholar (support); empiricist↔skeptic (support); pragmatist↔steward (support); skeptic↔steward (support)	support	187.603055167
F3-s4-b	oppose	support	False	True	medium	oppose 4, support 3, abstain 1	oppose	1	True	empiricist↔scholar (oppose); pragmatist↔steward (support); skeptic↔steward (support)	oppose	182.205188625
F4-s4-a	oppose	oppose	True	True	high	oppose 5, abstain 3	oppose	5	False	empiricist↔pragmatist (oppose); empiricist↔scholar (oppose); pragmatist↔steward (oppose)	oppose	139.404917666
F4-s4-b	support	support	True	True	high	support 7, abstain 1	support	7	False	architect↔pragmatist (support); empiricist↔pragmatist (support); empiricist↔scholar (support); empiricist↔skeptic (support); pragmatist↔steward (support); skeptic↔steward (support)	support	138.952913084
F6-s4-a	oppose	oppose	True	True	high	oppose 7, abstain 1	oppose	7	False	architect↔pragmatist (oppose); empiricist↔pragmatist (oppose); empiricist↔scholar (oppose); empiricist↔skeptic (oppose)	oppose	160.349594792
F6-s4-b	support	support	True	True	high	support 6, oppose 2	support	4	False	empiricist↔skeptic (support); skeptic↔steward (support)	support	160.734501125
F8-s4-a	oppose	oppose	True	True	high	oppose 5, abstain 2, support 1	oppose	4	False	architect↔pragmatist (oppose); empiricist↔pragmatist (oppose); empiricist↔scholar (oppose); empiricist↔skeptic (oppose)	support	154.315439375
F8-s4-b	support	support	True	True	medium	support 5, oppose 2, abstain 1	support	3	False	empiricist↔scholar (support); empiricist↔skeptic (support)	support	145.208639208
